{
  "bus_0": [
    -0.6425984310503118,
    -0.3513024979979203,
    -0.398067267525881
  ],
  "bus_1": [
    -0.6972099448411887,
    -0.38754944181335454,
    -0.4359371189548196
  ],
  "bus_2": [
    -0.7495535687796542,
    -0.42189040392354044,
    -0.4738436088842213
  ],
  "bus_3": [
    -0.7732167290619072,
    -0.4386447423412678,
    -0.47740146268062805
  ],
  "bus_4": [
    -0.7947976629179974,
    -0.45083756814165926,
    -0.5118905001057058
  ],
  "bus_6": [
    -0.8362391840123615,
    -0.4772060130059836,
    -0.5465492296456688
  ],
  "bus_7": [
    -0.8631560009053786,
    -0.49490136285470404,
    -0.5508899306048503
  ],
  "bus_8": [
    -0.8649415013681889,
    -0.4950461275878409,
    -0.5799230150025002
  ],
  "bus_9": [
    -0.8884501544112539,
    -0.5097524621517473,
    -0.6026625456718804
  ],
  "bus_10": [
    -0.596664921772357,
    -0.3299763132273564,
    -0.31704327876966626
  ],
  "bus_11": [
    -0.5490973888419931,
    -0.30754075133212017,
    -0.23479338285032486
  ],
  "bus_12": [
    -0.5713909510255841,
    -0.32188606178880247,
    -0.24612528070578585
  ],
  "bus_13": [
    -0.49612767780805545,
    -0.2813235367154608,
    -0.15109644153210514
  ],
  "bus_14": [
    -0.5181192782322124,
    -0.29635326373717336,
    -0.16145131877896288
  ],
  "bus_15": [
    -0.4377745205150083,
    -0.25113295780890826,
    -0.06628659765893599
  ],
  "bus_16": [
    -0.45895563691520724,
    -0.26708448500228665,
    -0.0775636629994021
  ],
  "bus_17": [
    -0.3746018648661072,
    -0.21691254080687178,
    0.019865668429627288
  ],
  "bus_18": [
    -0.3908312842605494,
    -0.23519026516245403,
    0.0057708137476672056
  ],
  "bus_19": [
    -0.30860068988736095,
    -0.1784672473367652,
    0.10792204335460809
  ],
  "bus_20": [
    -0.3344006429390549,
    -0.24496071144124806,
    0.1860852395918226
  ],
  "bus_21": [
    -0.3743040861805385,
    -0.1802863984863514,
    0.13065229964116326
  ],
  "bus_22": [
    -0.20010878582634506,
    -0.09303499620993251,
    0.11118009752246297
  ],
  "bus_23": [
    -0.3391017530374311,
    -0.2699951078844859,
    0.20069421187124692
  ],
  "bus_24": [
    -0.360230075036283,
    -0.30519796742834804,
    0.26156346333495395
  ],
  "bus_25": [
    -0.3987381534345128,
    -0.18845662330140145,
    0.131212616607699
  ],
  "bus_26": [
    -0.4340848242303938,
    -0.1797657569970211,
    0.15360509558209082
  ],
  "bus_27": [
    -0.2171024029974232,
    -0.11116694927631351,
    0.11213987181967351
  ],
  "bus_28": [
    -0.08980377873890809,
    -0.005439934396591684,
    0.11430034126133791
  ],
  "bus_29": [
    -0.3712092368752178,
    -0.3271794266429139,
    0.2793435933992389
  ],
  "bus_30": [
    -0.38384019552306703,
    -0.3595184105047394,
    0.33248940493020757
  ],
  "bus_31": [
    -0.46555739389391293,
    -0.17810787731334465,
    0.15310312999089531
  ],
  "bus_32": [
    -0.4790628094587104,
    -0.1804970788345536,
    0.17687473439112295
  ],
  "bus_33": [
    -0.12038713780183774,
    -3.374133302819293e-05,
    0.15853283015409608
  ],
  "bus_34": [
    0.026650582807167734,
    0.08392776763119557,
    0.10422269273163226
  ],
  "bus_35": [
    -0.08655325782221698,
    -0.03888458436576302,
    0.10303870717311187
  ],
  "bus_36": [
    -0.39688043989226385,
    -0.3799576773126759,
    0.3509422001525711
  ],
  "bus_37": [
    -0.40412909082045334,
    -0.40786056146917665,
    0.3979202888528223
  ],
  "bus_38": [
    -0.5132028577686086,
    -0.18073032454861,
    0.1919937857984322
  ],
  "bus_39": [
    -0.1261226893856088,
    -0.012322454298139341,
    0.1843446131614644
  ],
  "bus_40": [
    -0.14830630549886534,
    0.012827684115935116,
    0.19179698001386683
  ],
  "bus_41": [
    0.039370180910225414,
    0.06667167730391582,
    0.12998997362917797
  ],
  "bus_42": [
    -0.016768583877574586,
    0.13161731167037155,
    0.091784394897821
  ],
  "bus_43": [
    0.15763212954131695,
    0.1551620893234575,
    0.09523206235662149
  ],
  "bus_44": [
    -0.08255665342409133,
    -0.06681033678682377,
    0.09483896059487573
  ],
  "bus_45": [
    -0.416845554847591,
    -0.42744248598013374,
    0.4176101847119259
  ],
  "bus_46": [
    -0.42115412443258127,
    -0.44990432819432336,
    0.4562628175925317
  ],
  "bus_47": [
    -0.1688552558878703,
    0.021918628405603813,
    0.21827931347943363
  ],
  "bus_48": [
    0.04927041869203752,
    0.052840616487527796,
    0.15316157591552265
  ],
  "bus_49": [
    -0.02503175774566192,
    0.14411891016861741,
    0.0709792902621484
  ],
  "bus_50": [
    -0.05838465701278703,
    0.17613920340949626,
    0.08489429034256173
  ],
  "bus_51": [
    0.2721813853224294,
    0.1119586239846692,
    0.06001560110321726
  ],
  "bus_52": [
    0.16492454335126555,
    0.2537284041569729,
    0.04577305828168738
  ],
  "bus_53": [
    0.19705628187987384,
    0.20546206670145375,
    0.17804305123743755
  ],
  "bus_54": [
    -0.4475600889008339,
    -0.47984262481553963,
    0.48540779204078255
  ],
  "bus_55": [
    -0.4192343449051397,
    -0.4741432832670717,
    0.4994541971462422
  ],
  "bus_56": [
    -0.0754791367780207,
    0.19983373687641562,
    0.09518348486690073
  ],
  "bus_57": [
    -0.09192353124101611,
    0.20954239339711977,
    0.07218176587275647
  ],
  "bus_58": [
    0.30516528748795985,
    0.07797365493837873,
    0.0700911451301634
  ],
  "bus_59": [
    0.38034000497500675,
    0.07928498796134184,
    0.02029620387834742
  ],
  "bus_60": [
    0.17217165310961854,
    0.276289081135871,
    0.03270671164136615
  ],
  "bus_61": [
    0.171250009492406,
    0.3492239857458199,
    -0.0010769282481252456
  ],
  "bus_62": [
    0.20770606205132627,
    0.2171918905118189,
    0.19997882110041104
  ],
  "bus_63": [
    0.23479461165836193,
    0.254019016702658,
    0.2571463537011873
  ],
  "bus_64": [
    -0.46731637584165775,
    -0.5028713831702502,
    0.5080989812115533
  ],
  "bus_65": [
    -0.42062128622244715,
    -0.49375843580220774,
    0.5316548388674402
  ],
  "bus_66": [
    -0.11681533431512972,
    0.23512182121205144,
    0.06464669489182523
  ],
  "bus_67": [
    0.33175402485889116,
    0.07993896958104874,
    0.0774753216170815
  ],
  "bus_68": [
    0.32576996655923995,
    0.042157218719026654,
    0.0789409556492735
  ],
  "bus_69": [
    0.4068430876390611,
    0.07791855271277208,
    0.007072619512091306
  ],
  "bus_70": [
    0.48413732147453586,
    0.04639447739122666,
    -0.015516536678164446
  ],
  "bus_71": [
    0.1760159427750104,
    0.3748594027986294,
    -0.013096755143348456
  ],
  "bus_72": [
    0.1770071042003647,
    0.4399412878295046,
    -0.04507755326359257
  ],
  "bus_73": [
    0.24521782035393497,
    0.2673514272392524,
    0.28077414479424484
  ],
  "bus_74": [
    0.2704165929156751,
    0.29972979217411516,
    0.3308249886346262
  ],
  "bus_75": [
    0.34397690350020843,
    0.015784370800179262,
    0.0870682727615152
  ],
  "bus_76": [
    0.5108809757323488,
    0.04124196817040997,
    -0.02352030749033527
  ],
  "bus_77": [
    0.5837269796860731,
    0.014808591644191398,
    -0.04943868703191885
  ],
  "bus_78": [
    0.1809052061980747,
    0.46646562601167146,
    -0.05634425583151754
  ],
  "bus_79": [
    0.18232993472709652,
    0.5250729021319012,
    -0.08618937546385631
  ],
  "bus_80": [
    0.28072221014127574,
    0.3135165162887145,
    0.35471743007804224
  ],
  "bus_81": [
    0.30353493787509234,
    0.3419606534732386,
    0.3981920174784266
  ],
  "bus_82": [
    0.609803633757168,
    0.009716017068964048,
    -0.055913886291516564
  ],
  "bus_83": [
    0.6794552023714024,
    -0.015477762630937433,
    -0.08193956516602004
  ],
  "bus_84": [
    0.1858410576235995,
    0.5519085073560774,
    -0.09696895890547999
  ],
  "bus_85": [
    0.1872572943694119,
    0.6040026325189856,
    -0.12429725488943162
  ],