{
  "bus_0": [
    0.2037939547467431,
    -0.02005873560098532,
    -0.20501187161176568
  ],
  "bus_1": [
    0.13726705242989345,
    -0.04154810830236364,
    -0.19284574700304632
  ],
  "bus_2": [
    0.07001630474629719,
    -0.06260210938164858,
    -0.17920480536400155
  ],
  "bus_3": [
    0.0008806008182474372,
    -0.08129185830456741,
    -0.16035810700504036
  ],
  "bus_4": [
    0.08101678975346877,
    -0.068692405653557,
    -0.1965062850752737
  ],
  "bus_5": [
    0.0106986220316724,
    -0.08435298904220359,
    -0.17168862243574326
  ],
  "bus_6": [
    -0.06939851570729771,
    -0.0989962456292624,
    -0.13919220791130982
  ],
  "bus_7": [
    0.08934890144468877,
    -0.07424908481114005,
    -0.21089684269882983
  ],
  "bus_8": [
    -0.0584171337677131,
    -0.10138872936687948,
    -0.1495323186736882
  ],
  "bus_9": [
    -0.14109850150513611,
    -0.11615117647278583,
    -0.11632366913190267
  ],
  "bus_10": [
    -0.12839167507756943,
    -0.11526799687679089,
    -0.12404999997191066
  ],
  "bus_11": [
    -0.2141042449706822,
    -0.13331390621764083,
    -0.09243118752472843
  ],
  "bus_12": [
    -0.20795058757341173,
    -0.1533554518008288,
    -0.10946960521873002
  ],
  "bus_13": [
    -0.28814397995778107,
    -0.1445489333073274,
    -0.06386798550446847
  ],
  "bus_14": [
    -0.1963719736987433,
    -0.1633829150633164,
    -0.1090812354390769
  ],
  "bus_15": [
    -0.20682243502739792,
    -0.17005318133648917,
    -0.12710184324747392
  ],
  "bus_16": [
    -0.3063347455566085,
    -0.11079001260727095,
    -0.13320781743823598
  ],
  "bus_17": [
    -0.3650948140515555,
    -0.11762804566202896,
    -0.035581704526269624
  ],
  "bus_18": [
    -0.2643817578627929,
    -0.20957892964951214,
    -0.005348007625863329
  ],
  "bus_19": [
    -0.20522390308214167,
    -0.1837003180600598,
    -0.1403924315427782
  ],
  "bus_20": [
    -0.3177236423944856,
    -0.11397626954633777,
    -0.14274401809503381
  ],
  "bus_21": [
    -0.323371400420814,
    -0.07669481618618872,
    -0.20161542660918944
  ],
  "bus_22": [
    -0.37896630823836136,
    -0.11985708203986316,
    -0.03084647769630261
  ],
  "bus_23": [
    -0.44094917560100916,
    -0.09031867470816356,
    -0.007925898673666987
  ],
  "bus_24": [
    -0.2727037955070052,
    -0.22106869601198537,
    -0.0017243747230794877
  ],
  "bus_25": [
    -0.24040924236145986,
    -0.273877164316202,
    0.05268678469339861
  ],
  "bus_26": [
    -0.33227995144193406,
    -0.0787196202724753,
    -0.21410775387854533
  ],
  "bus_27": [
    -0.3399224638732347,
    -0.0425599412526333,
    -0.26863312593853805
  ],
  "bus_28": [
    -0.45477205166175855,
    -0.09228896963291718,
    -0.0023933116646780725
  ],
  "bus_29": [
    -0.5157922195888267,
    -0.06275985649388831,
    0.018899619209164786
  ],
  "bus_30": [
    -0.24737158437555384,
    -0.28610498780390003,
    0.05275146666154495
  ],
  "bus_31": [
    -0.2170563031566663,
    -0.3377941934169607,
    0.11048121452794527
  ],
  "bus_32": [
    -0.3473484563395017,
    -0.04627077477107952,
    -0.28150311852012944
  ],
  "bus_33": [
    -0.3565467793553291,
    -0.008422205304371887,
    -0.33432096858099664
  ],
  "bus_34": [
    -0.5505415109379985,
    -0.02474535464962877,
    0.009090886263982205
  ],
  "bus_35": [
    -0.5777221207318779,
    -0.05826129570199158,
    0.05635734177750189
  ],
  "bus_36": [
    -0.18052137149698083,
    -0.375672941574182,
    0.17065495899174615
  ],
  "bus_37": [
    -0.23079454446778883,
    -0.3376434818627751,
    0.1300592028834341
  ],
  "bus_38": [
    -0.23149668466674006,
    -0.3893946509542677,
    0.10831318511961022
  ],
  "bus_39": [
    -0.3476641139690827,
    0.03330880670605427,
    -0.3655688323358308
  ],
  "bus_40": [
    -0.3840768358484592,
    0.003957231747742543,
    -0.3452944957371309
  ],
  "bus_41": [
    -0.37517020962909275,
    -0.010310138924195612,
    -0.38762639941268373
  ],
  "bus_42": [
    -0.5643656552319,
    -0.02125114715372002,
    0.005847505702574573
  ],
  "bus_43": [
    -0.5838558781667565,
    0.012545058424308425,
    -0.0003862434628155305
  ],
  "bus_44": [
    -0.6373281346860635,
    -0.05002948814627245,
    0.09124571930115723
  ],
  "bus_45": [
    -0.5932394090263934,
    -0.07036199677053717,
    0.06640021165390904
  ],
  "bus_46": [
    -0.18825609756408118,
    -0.38341320091748693,
    0.20714469993639606
  ],
  "bus_47": [
    -0.13999315656859335,
    -0.41409980037070976,
    0.21679660216535085
  ],
  "bus_49": [
    -0.2450240713909019,
    -0.3378322464999182,
    0.14782538036861298
  ],
  "bus_50": [
    -0.2354731732559858,
    -0.40454086527151845,
    0.10246302465076025
  ],
  "bus_51": [
    -0.24610701865109358,
    -0.43780064080522185,
    0.10793440634178329
  ],
  "bus_52": [
    -0.3430952331532042,
    0.04453317936040133,
    -0.3775505087188716
  ],
  "bus_53": [
    -0.34254170092096387,
    0.07139114946405893,
    -0.39509942832311223
  ],
  "bus_54": [
    -0.3998972839390618,
    -0.0009813677272559292,
    -0.351930037013212
  ],
  "bus_55": [
    -0.40523933795755335,
    0.01911658875490046,
    -0.35364665167879644
  ],
  "bus_56": [
    -0.37982207540643714,
    -0.01732682473942069,
    -0.4047049378030935
  ],
  "bus_57": [
    -0.3941765059159944,
    -0.009543329371489944,
    -0.43609012180661755
  ],
  "bus_58": [
    -0.5972776729558718,
    0.02133772639280151,
    -0.0029666340244807396
  ],
  "bus_59": [
    -0.6153129043286856,
    0.04726049166113563,
    -0.009195637002252342
  ],
  "bus_60": [
    -0.6517891201312346,
    -0.052183859883373714,
    0.09969679891068339
  ],
  "bus_61": [
    -0.694793287406622,
    -0.041406655658582654,
    0.12431625503493579
  ],
  "bus_62": [
    -0.6054961675245765,
    -0.0812151901901164,
    0.07380852293123706
  ],
  "bus_63": [
    -0.18968816802772767,
    -0.3791286991243703,
    0.2340356739395243
  ],
  "bus_64": [
    -0.20037732949426645,
    -0.3985326663427883,
    0.226945770405946
  ],
  "bus_65": [
    -0.10518270654629638,
    -0.43443183554275494,
    0.22436376131852837
  ],
  "bus_66": [
    -0.12121834543687796,
    -0.417050959840331,
    0.2539175418897868
  ],
  "bus_67": [
    -0.13093808597953943,
    -0.4521928079371891,
    0.24544737796035304
  ],
  "bus_68": [
    -0.2576050130656982,
    -0.3387655007526029,
    0.16159146176892517
  ],
  "bus_69": [
    -0.2646552209542585,
    -0.4575555854687795,
    0.10929304809797442
  ],
  "bus_70": [
    -0.2516003455857847,
    -0.4790941684011441,
    0.10673247988699293
  ],
  "bus_71": [
    -0.3421613800753856,
    0.08449718458892587,
    -0.40789907688607413
  ],
  "bus_72": [
    -0.339695311539045,
    0.10373572855427389,
    -0.4214347930016074
  ],
  "bus_73": [
    -0.4223544873125788,
    0.02923884653183109,
    -0.3609427834121546
  ],
  "bus_74": [
    -0.4020822782537385,
    -0.013123827063492294,
    -0.4536150538227943
  ],
  "bus_75": [
    -0.41130215280438076,
    -0.007611204500387,
    -0.4786140780399619
  ],
  "bus_76": [
    -0.6291459217651514,
    0.05744582806803507,
    -0.011843578522625284
  ],
  "bus_77": [
    -0.6439713780426868,
    0.07825990702272474,
    -0.016962356126631283
  ],
  "bus_78": [
    -0.7089333558236294,
    -0.031377108522974435,
    0.1585702884066864
  ],
  "bus_79": [
    -0.7459778707434973,
    -0.03197589681917145,
    0.1378522607484701
  ],
  "bus_80": [
    -0.7148001594842519,
    -0.05630772776181358,
    0.12920354414167684
  ],
  "bus_81": [
    -0.19277319619110558,
    -0.3772438702965627,
    0.2552139123436389
  ],
  "bus_82": [
    -0.2104753521439429,
    -0.40995051335567334,
    0.24283065376536642
  ],
  "bus_83": [
    -0.09008801337307616,
    -0.4467527954449018,
    0.22166142337856617
  ],
  "bus_84": [
    -0.07874635013788599,
    -0.4506960830533493,
    0.2344344192104934
  ],