{
  "bus_0": [
    -0.08676271771372276,
    -0.20540366762968373,
    -0.47699966795625615
  ],
  "bus_1": [
    -0.10345032985965744,
    -0.22531527695683826,
    -0.5183186929421347
  ],
  "bus_2": [
    -0.11960621985482436,
    -0.24208880457745982,
    -0.557071350305698
  ],
  "bus_3": [
    -0.12003809686401895,
    -0.25486989900296836,
    -0.5755955557476752
  ],
  "bus_4": [
    -0.1346344545085049,
    -0.2521270156194067,
    -0.587325135103025
  ],
  "bus_5": [
    -0.14378825821308364,
    -0.26036224433746197,
    -0.6099489071424927
  ],
  "bus_6": [
    -0.10244471737049132,
    -0.1963544188042007,
    -0.5065518175850195
  ],
  "bus_7": [
    -0.11687726308918014,
    -0.1879871927563288,
    -0.532702166738145
  ],
  "bus_8": [
    -0.12735201966879334,
    -0.1819131451511762,
    -0.5532792571540567
  ],
  "bus_9": [
    -0.1331762638600434,
    -0.20771857614486727,
    -0.41647815915761627
  ],
  "bus_10": [
    -0.17821118768872748,
    -0.2089352255637587,
    -0.353917482119964
  ],
  "bus_11": [
    -0.1862824131651794,
    -0.21632385468295146,
    -0.37100716212154267
  ],
  "bus_12": [
    -0.2196469282044005,
    -0.2076777424544712,
    -0.28662039723363636
  ],
  "bus_13": [
    -0.2287505672178104,
    -0.21477248707344762,
    -0.30329189084583175
  ],
  "bus_14": [
    -0.25729205291936796,
    -0.20411866109880403,
    -0.2150054608988758
  ],
  "bus_15": [
    -0.26708779400706223,
    -0.21026806575507329,
    -0.2314445364694598
  ],
  "bus_16": [
    -0.291249740068477,
    -0.1987854543545115,
    -0.1395108501286722
  ],
  "bus_17": [
    -0.30235619799781993,
    -0.20210434897314078,
    -0.15492360619887238
  ],
  "bus_18": [
    -0.3217318145855328,
    -0.19273021352587041,
    -0.06094179488610896
  ],
  "bus_19": [
    -0.3859419428799798,
    -0.14100631695126076,
    -0.020335805945207588
  ],
  "bus_20": [
    -0.2536676223093379,
    -0.2211276924090197,
    -0.02359960588454584
  ],
  "bus_21": [
    -0.36378815318887703,
    -0.22811290108929558,
    -0.06529789937617023
  ],
  "bus_22": [
    -0.40372709136559193,
    -0.1365946684664602,
    -0.01754324216548287
  ],
  "bus_23": [
    -0.4481866122391921,
    -0.08976471105283026,
    0.019546647742153724
  ],
  "bus_24": [
    -0.1897887323219341,
    -0.18703673384350675,
    -0.020385739281712584
  ],
  "bus_25": [
    -0.24679583084859938,
    -0.28238182769767206,
    -0.01137853651816871
  ],
  "bus_26": [
    -0.24400519632251338,
    -0.24098861190232623,
    0.01915407417987883
  ],
  "bus_27": [
    -0.3806534415319991,
    -0.23337553005410042,
    -0.07120332626934993
  ],
  "bus_28": [
    -0.40159312741305614,
    -0.26291272297081386,
    -0.06821511319145437
  ],
  "bus_29": [
    -0.465900513445234,
    -0.08820435638227962,
    0.023986921738060024
  ],
  "bus_30": [
    -0.5086109158118126,
    -0.038454796088308936,
    0.058203927848837975
  ],
  "bus_31": [
    -0.17756825311768049,
    -0.1915330595328483,
    -0.010755404212331957
  ],
  "bus_32": [
    -0.12819875831120908,
    -0.1518281023911593,
    -0.018945598702872046
  ],
  "bus_34": [
    -0.24139253831581234,
    -0.3414627597709952,
    0.0013096489841069325
  ],
  "bus_35": [
    -0.2502836461921298,
    -0.2465301352533888,
    0.03502280833866741
  ],
  "bus_36": [
    -0.23403785122562965,
    -0.2598794676283947,
    0.05750164113251293
  ],
  "bus_37": [
    -0.4186303739891337,
    -0.2727200960771194,
    -0.07383633697994274
  ],
  "bus_38": [
    -0.43389918772470654,
    -0.29440045924001534,
    -0.06967297636895287
  ],
  "bus_39": [
    -0.5258477724799244,
    -0.03919112798704577,
    0.06240868301096693
  ],
  "bus_40": [
    -0.5676327788362552,
    0.013245543275583938,
    0.09563365335416746
  ],
  "bus_41": [
    -0.1158685790607399,
    -0.154985216429185,
    -0.007285330707157424
  ],
  "bus_42": [
    -0.0696903059162809,
    -0.11532158805055905,
    -0.020215088857718735
  ],
  "bus_43": [
    -0.24150690418476428,
    -0.36181335370913253,
    0.0035391226045962177
  ],
  "bus_44": [
    -0.23777405012931974,
    -0.39493859487235505,
    0.013674418614666494
  ],
  "bus_45": [
    -0.23511000590725487,
    -0.2639867289336261,
    0.0781556220574393
  ],
  "bus_46": [
    -0.22580913989598103,
    -0.2775185409826709,
    0.08594945725587702
  ],
  "bus_47": [
    -0.4532624963878326,
    -0.30419356412788534,
    -0.07229335518414542
  ],
  "bus_48": [
    -0.45707374400481987,
    -0.3209105649648241,
    -0.07064179394161473
  ],
  "bus_49": [
    -0.5838141554606546,
    0.009986686664548865,
    0.09902888987960333
  ],
  "bus_50": [
    -0.6256644847998092,
    0.06552282817241252,
    0.132130116973438
  ],
  "bus_51": [
    -0.057321962519033334,
    -0.11757491664723883,
    -0.008120286939689612
  ],
  "bus_52": [
    -0.01470492191054102,
    -0.07750812717915502,
    -0.024400251236059774
  ],
  "bus_53": [
    -0.2377149826927898,
    -0.41578718393058267,
    0.01790170757410086
  ],
  "bus_54": [
    -0.23596654913901827,
    -0.4409539331404081,
    0.024547704729513987
  ],
  "bus_55": [
    -0.2217199688779244,
    -0.29007409395938905,
    0.10736986109983053
  ],
  "bus_56": [
    -0.47510406692363066,
    -0.3392670501409467,
    -0.07214129423040574
  ],
  "bus_57": [
    -0.6492063654897207,
    0.05865649675560813,
    0.1329471732324245
  ],
  "bus_58": [
    -0.6744822311013752,
    0.12082719648820138,
    0.12190040985172154
  ],
  "bus_59": [
    -0.6409950712571262,
    0.07342757001116652,
    0.1929611108434638
  ],
  "bus_60": [
    -0.0023951128759394863,
    -0.07810020316784355,
    -0.012157712884027684
  ],
  "bus_61": [
    0.03644833804888833,
    -0.03860214596104668,
    -0.03143876026904538
  ],
  "bus_62": [
    -0.24188406219690828,
    -0.46195971547060516,
    0.031451891766889485
  ],
  "bus_63": [
    -0.23247618507708537,
    -0.4762060047765753,
    0.03181729830050193
  ],
  "bus_64": [
    -0.6688993339632986,
    0.052259847099610846,
    0.13349858991355687
  ],
  "bus_65": [
    -0.6913289569200686,
    0.12855949929669158,
    0.12128566775600653
  ],
  "bus_66": [
    -0.7211900644148763,
    0.17480116722005426,
    0.1116202808618922
  ],
  "bus_67": [
    -0.6532466249863624,
    0.07301348454321417,
    0.2066683780732977
  ],
  "bus_68": [
    -0.6554455829059522,
    0.08149997647677304,
    0.2507183347133455
  ],
  "bus_69": [
    0.04916645817233513,
    -0.03720847401841831,
    -0.019784429024643644
  ],
  "bus_70": [
    0.08343488222477408,
    0.0010942996529349624,
    -0.04105999993450962
  ],
  "bus_71": [
    -0.23198062273001455,
    -0.5017225308874271,
    0.037521321263725226
  ],
  "bus_72": [
    -0.7386662671201288,
    0.18209072550527683,
    0.11278864481660426
  ],
  "bus_73": [
    -0.7655048346769999,
    0.22744640374193353,
    0.10087133794628751
  ],
  "bus_74": [
    -0.6674589878424378,
    0.08162148961118619,
    0.2657342269524507
  ],
  "bus_75": [
    -0.6696586128220772,
    0.08961284041674264,
    0.30419605478774325
  ],
  "bus_76": [
    0.09663893323526551,
    0.0048715213090548505,
    -0.03060062806830937
  ],
  "bus_77": [
    0.1259752548242524,
    0.041140178345936036,
    -0.05283510772812861
  ],
  "bus_78": [
    -0.7824047421042608,
    0.2348623597938657,
    0.10316350119999876
  ],
  "bus_79": [
    -0.8072752237623987,
    0.2787717024153886,
    0.08944816614306365
  ],
  "bus_80": [
    -0.6814656820259907,
    0.0902351205133423,
    0.32000072314400047
  ],
  "bus_81": [
    -0.6832567160624682,
    0.09747337084037819,
    0.3524611566085433
  ],
  "bus_82": [
    0.13943021996326793,
    0.047667398115916575,
    -0.04417264058310004
  ],
  "bus_83": [
    0.163902386647186,
    0.08090838412414941,
    -0.06621152789221538
  ],
  "bus_84": [
    -0.8242345289433558,
    0.28553783865953325,
    0.09252492302955186
  ],